{
  "cnn_lstm": {
    "accuracy": 0.918769716088328,
    "f1_macro": 0.9205091848457554,
    "per_class": {
      "squat": {
        "precision": 0.9744408945686901,
        "recall": 0.8288043478260869,
        "f1": 0.895741556534508,
        "support": 368.0
      },
      "push-up": {
        "precision": 0.9817629179331308,
        "recall": 0.9255014326647565,
        "f1": 0.9528023598820059,
        "support": 349.0
      },
      "crunches": {
        "precision": 0.9642857142857143,
        "recall": 1.0,
        "f1": 0.9818181818181818,
        "support": 270.0
      },
      "lunge": {
        "precision": 0.7716763005780347,
        "recall": 0.9501779359430605,
        "f1": 0.8516746411483254,
        "support": 281.0
      }
    }
  },
  "pure_lstm": {
    "accuracy": 0.9140378548895899,
    "f1_macro": 0.9142531995914245
  }
}