{
  "train_loss": [
    0.14788012352841012,
    0.027992919812261857,
    0.016318473154656482,
    0.013333620322410913,
    0.007435726777067782,
    0.009359255370234715,
    0.0068229931261468675,
    0.0009232082397383472,
    8.753562107509484e-05,
    1.1808502017664633e-05,
    0.0022775095132797156,
    0.001603441430452346,
    0.0018882892189568763,
    0.0001441129791116248,
    0.0003074160067209195,
    1.0579116643987644e-05,
    5.076783156129868e-06,
    1.9994006669680184e-06,
    6.242533871060049e-07,
    2.826286010516903e-07,
    0.00023197543461976519,
    1.4213450312114984e-07
  ],
  "train_acc": [
    0.9452014916062492,
    0.9909616424303755,
    0.9953144710758696,
    0.9960353216795819,
    0.9977404106075939,
    0.9971997726548096,
    0.9980315233514008,
    0.9997920623258522,
    1.0,
    1.0,
    0.999431637023996,
    0.9995425371168748,
    0.9995702621400946,
    0.9999861374883902,
    0.9999306874419507,
    1.0,
    1.0,
    1.0,
    1.0,
    1.0,
    0.9999722749767803,
    1.0
  ],
  "val_loss": [
    1.077412348445454,
    1.2868534459006085,
    1.4769478811360057,
    1.5144339774726654,
    1.1690130953269446,
    1.6163015808699999,
    1.4440613848172297,
    1.7426711837526696,
    2.1890818134916907,
    2.449725174613678,
    1.9457854531308767,
    1.771626832773813,
    1.95942810227403,
    2.102351570258513,
    2.1671089363648885,
    2.4185650522186997,
    2.665984650152866,
    3.1543882832933767,
    3.3924613253571274,
    3.55050040521984,
    3.5970772310606476,
    3.70444125933902
  ],
  "val_acc": [
    0.8125478194338179,
    0.8270849273144606,
    0.7949502677888294,
    0.8247895944912013,
    0.8156082631981637,
    0.8316755929609794,
    0.8439173680183627,
    0.8370313695485846,
    0.8240244835501148,
    0.8186687069625096,
    0.8255547054322877,
    0.836266258607498,
    0.8301453710788065,
    0.8332058148431523,
    0.8339709257842387,
    0.8232593726090283,
    0.8247895944912013,
    0.809487375669472,
    0.8179035960214232,
    0.8171384850803366,
    0.8156082631981637,
    0.8224942616679418
  ],
  "lr": [
    0.001,
    0.001,
    0.001,
    0.001,
    0.001,
    0.001,
    0.001,
    0.0005,
    0.0005,
    0.0005,
    0.0005,
    0.0005,
    0.0005,
    0.00025,
    0.00025,
    0.00025,
    0.00025,
    0.00025,
    0.00025,
    0.000125,
    0.000125,
    0.000125
  ]
}