{
  "train_loss": [
    0.17787468129898873,
    0.036020870502149256,
    0.02157747866201474,
    0.011530497155763118,
    0.014666893277376478,
    0.014799758836126753,
    0.007860495702472155,
    0.011227193411705657,
    0.0012317902156136324,
    0.0035861841406587647,
    0.0018010253864605293,
    0.001545744024764099,
    0.0028414715541365066,
    0.0015280600888572667,
    0.00023564307041005513,
    0.00048705612923139,
    0.0001150425825347251,
    1.1682783350516334e-05,
    0.0005759089293220114,
    0.00021756208162267057,
    1.012181466910134e-05,
    0.00018267865004710203,
    7.233737985138205e-06,
    3.3818955457127503e-06,
    3.3245412364792557e-06,
    1.2538375366066638e-06,
    6.234831401040325e-07,
    8.037545584291818e-07,
    8.911756551928945e-07,
    1.6750763182920688e-07,
    6.744631940689192e-08,
    6.348611798093007e-08,
    2.9344815973765983e-08,
    7.365078452745386e-08,
    5.989167497267589e-08,
    2.5082167975545183e-08,
    3.823846820010186e-08,
    1.903363956058372e-08,
    2.545198505488672e-08,
    1.2217285974838315e-08,
    2.0234771347986333e-08
  ],
  "train_acc": [
    0.9343332825041241,
    0.9887852281076286,
    0.9938034573103955,
    0.9968254848413436,
    0.9962709843769494,
    0.9959798716331425,
    0.9977958606540333,
    0.9970334225154913,
    0.9996811622329733,
    0.9991543867917989,
    0.9995009495820453,
    0.999625712186534,
    0.9993900494891664,
    0.9996672997213635,
    0.9999306874419507,
    0.999902962418731,
    0.9999861374883902,
    1.0,
    0.9998475123722916,
    0.9999445499535606,
    1.0,
    0.9999445499535606,
    1.0,
    1.0,
    1.0,
    1.0,
    1.0,
    1.0,
    1.0,
    1.0,
    1.0,
    1.0,
    1.0,
    1.0,
    1.0,
    1.0,
    1.0,
    1.0,
    1.0,
    1.0,
    1.0
  ],
  "val_loss": [
    1.0533101124467565,
    0.8221730207763183,
    1.1469499178401956,
    1.519242906195996,
    1.5408873076794254,
    1.3775165030404934,
    1.4538671374122742,
    1.5625035958977913,
    2.386028337326938,
    1.6127884840546753,
    2.1531210511607495,
    2.0945250937518836,
    1.577470129491089,
    1.599229623809957,
    2.084152865731277,
    2.1196626379243204,
    2.2495189670046765,
    2.443189411547231,
    2.49559635532883,
    2.3603264175385195,
    2.4599432635489182,
    2.703677906301806,
    2.686861820255779,
    2.7849411383439606,
    2.881094603590447,
    2.975086773331663,
    3.0760278883333414,
    3.161326178989871,
    3.445531455680662,
    3.545422495067261,
    3.6461302757739036,
    3.865291320144208,
    3.918911922987018,
    3.9197410416143788,
    3.9695289407566925,
    4.054950508534599,
    4.073370544485638,
    4.129439469008366,
    4.1511598976515405,
    4.231615456120851,
    4.269865199806717
  ],
  "val_acc": [
    0.8102524866105585,
    0.827850038255547,
    0.8087222647283856,
    0.8171384850803366,
    0.8125478194338179,
    0.8408569242540168,
    0.8255547054322877,
    0.836266258607498,
    0.8079571537872992,
    0.8385615914307575,
    0.827850038255547,
    0.8393267023718439,
    0.8553940321346595,
    0.8454475899005356,
    0.8355011476664116,
    0.8370313695485846,
    0.8316755929609794,
    0.8408569242540168,
    0.8469778117827085,
    0.8530986993114001,
    0.8508033664881408,
    0.8431522570772763,
    0.8469778117827085,
    0.8469778117827085,
    0.8477429227237949,
    0.8576893649579189,
    0.8576893649579189,
    0.856159143075746,
    0.8500382555470544,
    0.8492731446059678,
    0.8492731446059678,
    0.8469778117827085,
    0.8485080336648814,
    0.8530986993114001,
    0.8508033664881408,
    0.8523335883703137,
    0.854628921193573,
    0.8530986993114001,
    0.854628921193573,
    0.8530986993114001,
    0.8515684774292273
  ],
  "lr": [
    0.001,
    0.001,
    0.001,
    0.001,
    0.001,
    0.001,
    0.001,
    0.001,
    0.0005,
    0.0005,
    0.0005,
    0.0005,
    0.0005,
    0.0005,
    0.00025,
    0.00025,
    0.00025,
    0.00025,
    0.00025,
    0.00025,
    0.000125,
    0.000125,
    0.000125,
    0.000125,
    0.000125,
    0.000125,
    6.25e-05,
    6.25e-05,
    6.25e-05,
    6.25e-05,
    6.25e-05,
    6.25e-05,
    3.125e-05,
    3.125e-05,
    3.125e-05,
    3.125e-05,
    3.125e-05,
    3.125e-05,
    1.5625e-05,
    1.5625e-05,
    1.5625e-05
  ]
}